idEvent,strSeason,intRound,dateEvent,strHomeTeam,strAwayTeam,intHomeScore,intAwayScore,strStatus
1837905,2023-2024,1,2023-08-11,FC Den Bosch,TOP Oss,1,0,FT
1837906,2023-2024,1,2023-08-11,FC Dordrecht,NAC Breda,2,2,FT
1837907,2023-2024,1,2023-08-11,SC Cambuur,FC Emmen,2,2,FT
1837908,2023-2024,1,2023-08-11,De Graafschap,ADO Den Haag,0,0,FT
1837909,2023-2024,1,2023-08-11,Roda JC,Helmond Sport,4,1,FT
1837910,2023-2024,1,2023-08-11,FC Groningen,Jong Ajax,4,1,FT
1837911,2023-2024,1,2023-08-13,FC Eindhoven,Willem II,1,1,FT
1837912,2023-2024,1,2023-08-13,VVV-Venlo,MVV Maastricht,1,3,FT
1837913,2023-2024,1,2023-08-14,Jong AZ,Jong Utrecht,1,0,FT
1837914,2023-2024,1,2023-08-14,Jong PSV,SC Telstar,1,0,FT
1837915,2023-2024,2,2023-08-18,ADO Den Haag,Roda JC,0,3,FT
1837916,2023-2024,2,2023-08-18,FC Emmen,VVV-Venlo,2,2,FT
1837917,2023-2024,2,2023-08-18,TOP Oss,Jong PSV,4,1,FT
1837918,2023-2024,2,2023-08-18,Helmond Sport,FC Den Bosch,1,0,FT
1837919,2023-2024,2,2023-08-18,Willem II,FC Dordrecht,2,0,FT
1837921,2023-2024,2,2023-08-18,NAC Breda,Jong AZ,2,1,FT
1837922,2023-2024,2,2023-08-18,SC Telstar,SC Cambuur,2,3,FT
1837923,2023-2024,2,2023-08-21,Jong Ajax,De Graafschap,1,2,FT
1837924,2023-2024,2,2023-08-21,Jong Utrecht,FC Groningen,1,0,FT
1837920,2023-2024,2,2023-10-02,MVV Maastricht,FC Eindhoven,0,1,FT
1837925,2023-2024,3,2023-08-25,FC Dordrecht,MVV Maastricht,2,2,FT
1837926,2023-2024,3,2023-08-25,FC Eindhoven,NAC Breda,2,0,FT
1837927,2023-2024,3,2023-08-25,FC Den Bosch,ADO Den Haag,1,2,FT
1837928,2023-2024,3,2023-08-25,De Graafschap,FC Emmen,0,1,FT
1837929,2023-2024,3,2023-08-25,SC Cambuur,Jong Ajax,4,2,FT
1837930,2023-2024,3,2023-08-25,VVV-Venlo,Jong Utrecht,4,1,FT
1837931,2023-2024,3,2023-08-25,Roda JC,TOP Oss,2,0,FT
1837932,2023-2024,3,2023-08-27,FC Groningen,Willem II,0,0,FT
1837933,2023-2024,3,2023-08-28,Jong AZ,SC Telstar,3,1,FT
1837934,2023-2024,3,2023-08-28,Jong PSV,Helmond Sport,2,1,FT
1837935,2023-2024,4,2023-09-01,FC Den Bosch,Jong PSV,1,2,FT
1837936,2023-2024,4,2023-09-01,FC Emmen,FC Dordrecht,2,4,FT
1837937,2023-2024,4,2023-09-01,SC Telstar,FC Eindhoven,0,1,FT
1837938,2023-2024,4,2023-09-01,TOP Oss,FC Groningen,0,2,FT
1837939,2023-2024,4,2023-09-01,MVV Maastricht,Jong Ajax,2,1,FT
1837940,2023-2024,4,2023-09-01,Jong Utrecht,Roda JC,1,0,FT
1837941,2023-2024,4,2023-09-01,Helmond Sport,SC Cambuur,2,1,FT
1837942,2023-2024,4,2023-09-01,VVV-Venlo,De Graafschap,2,0,FT
1837944,2023-2024,4,2023-09-03,ADO Den Haag,Jong AZ,4,1,FT
1837943,2023-2024,4,2023-09-05,Willem II,NAC Breda,1,4,FT
1890632,2023-2024,4,2023-09-05,Willem II,NAC Breda,0,3,FT
1837945,2023-2024,5,2023-09-08,Willem II,MVV Maastricht,2,1,FT
1837946,2023-2024,5,2023-09-09,SC Telstar,VVV-Venlo,1,2,FT
1837947,2023-2024,5,2023-09-09,SC Cambuur,FC Den Bosch,3,1,FT
1837948,2023-2024,5,2023-09-09,NAC Breda,Roda JC,1,3,FT
1837959,2023-2024,5,2023-09-18,De Graafschap,Helmond Sport,2,1,FT
1837960,2023-2024,5,2023-09-18,FC Emmen,Jong Utrecht,2,0,FT
1837961,2023-2024,5,2023-09-18,FC Groningen,Jong PSV,4,0,FT
1837962,2023-2024,5,2023-09-18,FC Eindhoven,ADO Den Haag,1,1,FT
1837963,2023-2024,5,2023-09-18,TOP Oss,FC Dordrecht,0,1,FT
1837964,2023-2024,5,2023-09-18,Jong AZ,Jong Ajax,5,2,FT
1837949,2023-2024,6,2023-09-15,FC Dordrecht,Jong Utrecht,3,3,FT
1837950,2023-2024,6,2023-09-15,Helmond Sport,TOP Oss,1,1,FT
1837951,2023-2024,6,2023-09-15,Jong Ajax,FC Emmen,3,3,FT
1837952,2023-2024,6,2023-09-15,Jong AZ,FC Eindhoven,0,0,FT
1837953,2023-2024,6,2023-09-15,FC Groningen,ADO Den Haag,0,1,FT
1837954,2023-2024,6,2023-09-15,Jong PSV,De Graafschap,1,3,FT
1837955,2023-2024,6,2023-09-15,FC Den Bosch,MVV Maastricht,3,2,FT
1837956,2023-2024,6,2023-09-15,Roda JC,SC Telstar,3,0,FT
1837957,2023-2024,6,2023-09-15,VVV-Venlo,NAC Breda,3,1,FT
1837958,2023-2024,6,2023-09-17,SC Cambuur,Willem II,1,0,FT
1837965,2023-2024,7,2023-09-22,ADO Den Haag,SC Telstar,1,1,FT
1837966,2023-2024,7,2023-09-22,Jong PSV,VVV-Venlo,0,0,FT
1837967,2023-2024,7,2023-09-22,Roda JC,FC Den Bosch,4,1,FT
1837968,2023-2024,7,2023-09-22,NAC Breda,FC Emmen,1,3,FT
1837969,2023-2024,7,2023-09-22,Helmond Sport,FC Groningen,1,2,FT
1837970,2023-2024,7,2023-09-22,FC Dordrecht,Jong AZ,0,0,FT
1837974,2023-2024,7,2023-09-22,Jong Utrecht,SC Cambuur,3,2,FT
1837972,2023-2024,7,2023-09-24,MVV Maastricht,De Graafschap,1,2,FT
1837973,2023-2024,7,2023-09-25,Jong Ajax,FC Eindhoven,1,1,FT
1837971,2023-2024,7,2023-10-03,Willem II,TOP Oss,2,1,FT
1837975,2023-2024,8,2023-09-29,De Graafschap,Roda JC,0,0,FT
1837976,2023-2024,8,2023-09-29,SC Cambuur,Jong PSV,3,4,FT
1837977,2023-2024,8,2023-09-29,MVV Maastricht,ADO Den Haag,0,3,FT
1837978,2023-2024,8,2023-09-29,FC Groningen,FC Den Bosch,0,3,FT
1837979,2023-2024,8,2023-09-29,FC Eindhoven,FC Dordrecht,1,1,FT
1837980,2023-2024,8,2023-09-29,TOP Oss,FC Emmen,0,1,FT
1837981,2023-2024,8,2023-09-29,SC Telstar,Jong Ajax,3,2,FT
1837983,2023-2024,8,2023-09-29,Jong AZ,Willem II,0,2,FT
1837982,2023-2024,8,2023-10-01,VVV-Venlo,Helmond Sport,0,4,FT
1837984,2023-2024,8,2023-10-02,Jong Utrecht,NAC Breda,1,1,FT
1837985,2023-2024,9,2023-10-06,ADO Den Haag,TOP Oss,2,1,FT
1837986,2023-2024,9,2023-10-06,FC Den Bosch,FC Eindhoven,0,1,FT
1837987,2023-2024,9,2023-10-06,FC Emmen,SC Telstar,2,0,FT
1837988,2023-2024,9,2023-10-06,Helmond Sport,Jong Utrecht,4,0,FT
1837989,2023-2024,9,2023-10-06,Jong Ajax,VVV-Venlo,3,0,FT
1837990,2023-2024,9,2023-10-06,Willem II,De Graafschap,4,2,FT
1837991,2023-2024,9,2023-10-06,NAC Breda,FC Groningen,3,2,FT
1837992,2023-2024,9,2023-10-06,Roda JC,Jong AZ,3,1,FT
1837993,2023-2024,9,2023-10-06,Jong PSV,MVV Maastricht,2,3,FT
1837994,2023-2024,9,2023-10-06,FC Dordrecht,SC Cambuur,5,2,FT
1837995,2023-2024,10,2023-10-14,VVV-Venlo,Roda JC,1,1,FT
1837996,2023-2024,10,2023-10-14,SC Telstar,MVV Maastricht,2,1,FT
1837997,2023-2024,10,2023-10-15,Willem II,FC Den Bosch,3,1,FT
1837998,2023-2024,10,2023-10-15,SC Cambuur,NAC Breda,2,3,FT
1838009,2023-2024,10,2023-10-23,Jong AZ,De Graafschap,3,0,FT
1838010,2023-2024,10,2023-10-23,TOP Oss,Jong Utrecht,2,0,FT
1838011,2023-2024,10,2023-10-23,Jong Ajax,ADO Den Haag,0,0,FT
1838012,2023-2024,10,2023-10-23,Helmond Sport,FC Dordrecht,1,1,FT
1838013,2023-2024,10,2023-10-23,Jong PSV,FC Eindhoven,3,4,FT
1838014,2023-2024,10,2023-10-23,FC Groningen,FC Emmen,0,0,FT
1837999,2023-2024,11,2023-10-20,De Graafschap,FC Groningen,2,1,FT
1838000,2023-2024,11,2023-10-20,FC Eindhoven,Helmond Sport,1,2,FT
1838001,2023-2024,11,2023-10-20,Jong AZ,TOP Oss,3,0,FT
1838002,2023-2024,11,2023-10-20,FC Emmen,ADO Den Haag,2,3,FT
1838003,2023-2024,11,2023-10-20,FC Dordrecht,Jong Ajax,4,0,FT
1838005,2023-2024,11,2023-10-20,FC Den Bosch,VVV-Venlo,1,2,FT
1838006,2023-2024,11,2023-10-20,NAC Breda,SC Telstar,3,1,FT
1838007,2023-2024,11,2023-10-20,MVV Maastricht,SC Cambuur,1,1,FT
1838008,2023-2024,11,2023-10-21,Roda JC,Willem II,0,1,FT
1838004,2023-2024,11,2023-12-01,Jong Utrecht,Jong PSV,0,0,FT
1838015,2023-2024,12,2023-10-27,ADO Den Haag,VVV-Venlo,2,2,FT
1838016,2023-2024,12,2023-10-27,FC Dordrecht,FC Den Bosch,5,1,FT
1838017,2023-2024,12,2023-10-27,De Graafschap,FC Eindhoven,2,1,FT
1838018,2023-2024,12,2023-10-27,NAC Breda,Helmond Sport,1,1,FT
1838019,2023-2024,12,2023-10-27,Roda JC,Jong Ajax,2,1,FT
1838020,2023-2024,12,2023-10-27,FC Emmen,Jong AZ,2,1,FT
1838021,2023-2024,12,2023-10-27,Willem II,Jong PSV,3,0,FT
1838022,2023-2024,12,2023-10-27,SC Telstar,TOP Oss,1,0,FT
1838023,2023-2024,12,2023-10-29,SC Cambuur,FC Groningen,2,1,FT
1838024,2023-2024,12,2023-10-30,Jong Utrecht,MVV Maastricht,1,1,FT
1838025,2023-2024,13,2023-11-03,De Graafschap,NAC Breda,1,0,FT
1838028,2023-2024,13,2023-11-03,Helmond Sport,SC Telstar,1,0,FT
1838031,2023-2024,13,2023-11-03,VVV-Venlo,Jong AZ,2,2,FT
1838026,2023-2024,13,2023-11-04,FC Den Bosch,Jong Utrecht,1,1,FT
1838029,2023-2024,13,2023-11-05,FC Groningen,FC Dordrecht,2,2,FT
1838027,2023-2024,13,2023-11-06,FC Eindhoven,Roda JC,1,1,FT
1838030,2023-2024,13,2023-11-06,MVV Maastricht,FC Emmen,1,1,FT
1838032,2023-2024,13,2023-11-06,TOP Oss,SC Cambuur,1,8,FT
1838033,2023-2024,13,2023-11-06,Jong Ajax,Willem II,1,0,FT
1838034,2023-2024,13,2023-11-06,Jong PSV,ADO Den Haag,1,2,FT
1838035,2023-2024,14,2023-11-10,FC Dordrecht,Jong PSV,1,4,FT
1838036,2023-2024,14,2023-11-10,FC Eindhoven,VVV-Venlo,0,2,FT
1838037,2023-2024,14,2023-11-10,Jong AZ,Helmond Sport,2,1,FT
1838038,2023-2024,14,2023-11-10,SC Telstar,De Graafschap,1,2,FT
1838039,2023-2024,14,2023-11-10,FC Emmen,FC Den Bosch,1,0,FT
1838040,2023-2024,14,2023-11-10,NAC Breda,Jong Ajax,1,1,FT
1838041,2023-2024,14,2023-11-10,Willem II,Jong Utrecht,2,1,FT
1838042,2023-2024,14,2023-11-10,TOP Oss,MVV Maastricht,0,1,FT
1838043,2023-2024,14,2023-11-12,ADO Den Haag,SC Cambuur,1,2,FT
1838044,2023-2024,14,2023-11-12,Roda JC,FC Groningen,0,0,FT
1838045,2023-2024,15,2023-11-17,FC Den Bosch,SC Telstar,1,4,FT
1838046,2023-2024,15,2023-11-17,VVV-Venlo,Willem II,1,3,FT
1838047,2023-2024,15,2023-11-19,SC Cambuur,Roda JC,1,1,FT
1838048,2023-2024,15,2023-11-19,MVV Maastricht,NAC Breda,1,4,FT
1838059,2023-2024,15,2023-11-27,ADO Den Haag,Jong Utrecht,6,0,FT
1838060,2023-2024,15,2023-11-27,FC Eindhoven,TOP Oss,0,0,FT
1838061,2023-2024,15,2023-11-27,FC Emmen,Jong PSV,1,0,FT
1838062,2023-2024,15,2023-11-27,Jong Ajax,Helmond Sport,4,1,FT
1838063,2023-2024,15,2023-11-27,Jong AZ,FC Groningen,0,5,FT
1838064,2023-2024,15,2023-12-04,De Graafschap,FC Dordrecht,1,1,FT
1838049,2023-2024,16,2023-11-24,Jong Ajax,TOP Oss,1,0,FT
1838050,2023-2024,16,2023-11-24,FC Dordrecht,ADO Den Haag,2,2,FT
1838051,2023-2024,16,2023-11-24,Jong Utrecht,De Graafschap,2,0,FT
1838052,2023-2024,16,2023-11-24,FC Groningen,FC Eindhoven,2,1,FT
1838053,2023-2024,16,2023-11-24,Helmond Sport,FC Emmen,1,2,FT
1838054,2023-2024,16,2023-11-24,Jong PSV,Jong AZ,1,2,FT
1838055,2023-2024,16,2023-11-24,SC Telstar,Willem II,1,5,FT
1838056,2023-2024,16,2023-11-24,NAC Breda,FC Den Bosch,1,0,FT
1838057,2023-2024,16,2023-11-24,VVV-Venlo,SC Cambuur,1,2,FT
1838058,2023-2024,16,2023-11-26,Roda JC,MVV Maastricht,1,0,FT
1838065,2023-2024,17,2023-12-01,FC Dordrecht,Roda JC,2,0,FT
1838066,2023-2024,17,2023-12-01,FC Groningen,VVV-Venlo,2,1,FT
1838067,2023-2024,17,2023-12-01,SC Cambuur,FC Eindhoven,2,2,FT
1838068,2023-2024,17,2023-12-01,Helmond Sport,ADO Den Haag,3,2,FT
1838069,2023-2024,17,2023-12-01,TOP Oss,De Graafschap,0,1,FT
1838070,2023-2024,17,2023-12-01,Willem II,FC Emmen,3,0,FT
1838071,2023-2024,17,2023-12-01,FC Den Bosch,Jong Ajax,3,3,FT
1838072,2023-2024,17,2023-12-01,MVV Maastricht,Jong AZ,4,0,FT
1838073,2023-2024,17,2023-12-04,Jong PSV,NAC Breda,0,5,FT
1838074,2023-2024,17,2023-12-04,Jong Utrecht,SC Telstar,0,0,FT
1838075,2023-2024,18,2023-12-08,ADO Den Haag,Willem II,1,1,FT
1838076,2023-2024,18,2023-12-08,FC Eindhoven,FC Emmen,3,2,FT
1838077,2023-2024,18,2023-12-08,FC Groningen,SC Telstar,2,0,FT
1838078,2023-2024,18,2023-12-08,Helmond Sport,MVV Maastricht,1,2,FT
1838079,2023-2024,18,2023-12-08,NAC Breda,TOP Oss,2,0,FT
1838080,2023-2024,18,2023-12-08,VVV-Venlo,FC Dordrecht,3,1,FT
1838081,2023-2024,18,2023-12-08,Roda JC,Jong PSV,2,1,FT
1838082,2023-2024,18,2023-12-08,De Graafschap,SC Cambuur,2,3,FT
1838083,2023-2024,18,2023-12-11,Jong Ajax,Jong Utrecht,2,1,FT
1838084,2023-2024,18,2023-12-11,Jong AZ,FC Den Bosch,0,0,FT
1838085,2023-2024,19,2023-12-15,ADO Den Haag,NAC Breda,3,1,FT
1838086,2023-2024,19,2023-12-15,FC Den Bosch,De Graafschap,0,4,FT
1838087,2023-2024,19,2023-12-15,FC Emmen,Roda JC,0,1,FT
1838088,2023-2024,19,2023-12-15,TOP Oss,VVV-Venlo,2,1,FT
1838089,2023-2024,19,2023-12-15,SC Telstar,FC Dordrecht,0,2,FT
1838090,2023-2024,19,2023-12-15,Jong Utrecht,FC Eindhoven,2,5,FT
1838091,2023-2024,19,2023-12-15,MVV Maastricht,FC Groningen,1,1,FT
1838092,2023-2024,19,2023-12-15,Willem II,Helmond Sport,4,1,FT
1838093,2023-2024,19,2023-12-15,Jong PSV,Jong Ajax,2,2,FT
1838094,2023-2024,19,2023-12-15,SC Cambuur,Jong AZ,1,2,FT
1838096,2023-2024,20,2023-12-22,MVV Maastricht,TOP Oss,2,0,FT
1838098,2023-2024,20,2023-12-22,FC Den Bosch,SC Cambuur,3,1,FT
1838099,2023-2024,20,2023-12-22,VVV-Venlo,SC Telstar,2,1,FT
1838103,2023-2024,20,2023-12-22,FC Groningen,Jong Utrecht,2,1,FT
1838104,2023-2024,20,2023-12-22,NAC Breda,Willem II,1,2,FT
1838097,2023-2024,20,2023-12-23,Jong AZ,ADO Den Haag,1,2,FT
1838100,2023-2024,20,2023-12-23,FC Dordrecht,FC Emmen,2,1,FT
1838101,2023-2024,20,2023-12-23,Helmond Sport,Roda JC,3,3,FT
1838102,2023-2024,20,2023-12-23,FC Eindhoven,Jong Ajax,2,2,FT
1838095,2023-2024,20,2024-01-22,De Graafschap,Jong PSV,4,2,FT
1838105,2023-2024,21,2024-01-12,ADO Den Haag,De Graafschap,5,3,FT
1838106,2023-2024,21,2024-01-12,FC Dordrecht,Helmond Sport,2,0,FT
1838108,2023-2024,21,2024-01-12,SC Cambuur,MVV Maastricht,5,2,FT
1838109,2023-2024,21,2024-01-12,TOP Oss,Willem II,0,5,FT
1838111,2023-2024,21,2024-01-12,SC Telstar,Jong AZ,1,1,FT
1838107,2023-2024,21,2024-01-13,FC Emmen,NAC Breda,2,3,FT
1838113,2023-2024,21,2024-01-15,Jong Utrecht,VVV-Venlo,0,0,FT
1838114,2023-2024,21,2024-01-15,Jong PSV,FC Den Bosch,2,2,FT
1838110,2023-2024,21,2024-01-22,Roda JC,FC Eindhoven,3,0,FT
1838112,2023-2024,21,2024-01-22,Jong Ajax,FC Groningen,0,1,FT
1838115,2023-2024,22,2024-01-19,FC Den Bosch,Roda JC,0,0,FT
1838116,2023-2024,22,2024-01-19,FC Eindhoven,De Graafschap,0,1,FT
1838118,2023-2024,22,2024-01-19,Helmond Sport,Jong PSV,2,2,FT
1838119,2023-2024,22,2024-01-19,MVV Maastricht,Jong Utrecht,3,0,FT
1838120,2023-2024,22,2024-01-19,TOP Oss,SC Telstar,1,0,FT
1838122,2023-2024,22,2024-01-19,Willem II,Jong Ajax,1,1,FT
1838121,2023-2024,22,2024-01-22,VVV-Venlo,ADO Den Haag,2,1,FT
1838124,2023-2024,22,2024-01-22,Jong AZ,FC Dordrecht,5,1,FT
1838123,2023-2024,22,2024-02-19,NAC Breda,SC Cambuur,1,2,FT
1838117,2023-2024,22,2024-04-01,FC Emmen,FC Groningen,0,3,FT
1838125,2023-2024,23,2024-01-26,ADO Den Haag,FC Emmen,3,0,FT
1838126,2023-2024,23,2024-01-26,De Graafschap,VVV-Venlo,3,0,FT
1838127,2023-2024,23,2024-01-26,FC Eindhoven,MVV Maastricht,0,3,FT
1838128,2023-2024,23,2024-01-26,Helmond Sport,NAC Breda,1,0,FT
1838129,2023-2024,23,2024-01-26,Roda JC,Jong Utrecht,0,0,FT
1838130,2023-2024,23,2024-01-26,SC Telstar,FC Den Bosch,0,0,FT
1838131,2023-2024,23,2024-01-26,FC Groningen,Jong AZ,4,1,FT
1838132,2023-2024,23,2024-01-29,SC Cambuur,TOP Oss,1,2,FT
1838133,2023-2024,23,2024-01-29,Jong Ajax,FC Dordrecht,2,2,FT
1838134,2023-2024,23,2024-01-29,Jong PSV,Willem II,1,1,FT
1838135,2023-2024,24,2024-02-02,FC Den Bosch,Helmond Sport,0,0,FT
1838136,2023-2024,24,2024-02-02,FC Dordrecht,FC Groningen,1,0,FT
1838137,2023-2024,24,2024-02-02,MVV Maastricht,SC Telstar,6,1,FT
1838138,2023-2024,24,2024-02-02,TOP Oss,ADO Den Haag,1,3,FT
1838139,2023-2024,24,2024-02-02,NAC Breda,De Graafschap,0,0,FT
1838140,2023-2024,24,2024-02-02,FC Emmen,FC Eindhoven,1,1,FT
1838141,2023-2024,24,2024-02-02,VVV-Venlo,Jong PSV,3,2,FT
1838142,2023-2024,24,2024-02-02,Willem II,SC Cambuur,1,1,FT
1838143,2023-2024,24,2024-02-05,Jong AZ,Roda JC,1,0,FT
1838144,2023-2024,24,2024-02-05,Jong Utrecht,Jong Ajax,0,1,FT
1838145,2023-2024,25,2024-02-09,De Graafschap,Willem II,0,2,FT
1838148,2023-2024,25,2024-02-09,Roda JC,FC Dordrecht,4,1,FT
1838149,2023-2024,25,2024-02-09,NAC Breda,FC Eindhoven,2,2,FT
1838150,2023-2024,25,2024-02-09,Jong PSV,FC Emmen,3,0,FT
1838151,2023-2024,25,2024-02-09,SC Telstar,Helmond Sport,3,2,FT
1838147,2023-2024,25,2024-02-10,SC Cambuur,VVV-Venlo,3,3,FT
1838146,2023-2024,25,2024-02-11,FC Groningen,TOP Oss,3,0,FT
1838152,2023-2024,25,2024-02-11,ADO Den Haag,FC Den Bosch,3,0,FT
1838153,2023-2024,25,2024-02-12,Jong Ajax,MVV Maastricht,3,0,FT
1838154,2023-2024,25,2024-02-12,Jong Utrecht,Jong AZ,1,2,FT
1838155,2023-2024,26,2024-02-16,FC Dordrecht,VVV-Venlo,1,0,FT
1838157,2023-2024,26,2024-02-16,SC Cambuur,Jong Utrecht,2,4,FT
1838158,2023-2024,26,2024-02-16,Willem II,ADO Den Haag,2,1,FT
1838159,2023-2024,26,2024-02-16,Helmond Sport,De Graafschap,3,1,FT
1838160,2023-2024,26,2024-02-16,TOP Oss,Jong Ajax,2,1,FT
1838161,2023-2024,26,2024-02-16,SC Telstar,NAC Breda,1,1,FT
1838162,2023-2024,26,2024-02-16,Roda JC,FC Emmen,3,2,FT
1838163,2023-2024,26,2024-02-16,FC Den Bosch,Jong AZ,0,0,FT
1838156,2023-2024,26,2024-02-18,FC Eindhoven,FC Groningen,0,3,FT
1838164,2023-2024,26,2024-02-19,MVV Maastricht,Jong PSV,3,3,FT
1838165,2023-2024,27,2024-02-23,ADO Den Haag,MVV Maastricht,2,2,FT
1838166,2023-2024,27,2024-02-23,FC Groningen,Helmond Sport,0,0,FT
1838167,2023-2024,27,2024-02-23,De Graafschap,FC Den Bosch,2,0,FT
1838168,2023-2024,27,2024-02-23,VVV-Venlo,FC Eindhoven,2,2,FT
1838169,2023-2024,27,2024-02-23,Willem II,Roda JC,2,3,FT
1838170,2023-2024,27,2024-02-23,FC Emmen,SC Cambuur,2,0,FT
1838171,2023-2024,27,2024-02-26,Jong Ajax,SC Telstar,0,3,FT
1838172,2023-2024,27,2024-02-26,Jong AZ,NAC Breda,2,3,FT
1838173,2023-2024,27,2024-02-26,Jong PSV,FC Dordrecht,0,1,FT
1838174,2023-2024,27,2024-02-26,Jong Utrecht,TOP Oss,0,3,FT
1838175,2023-2024,28,2024-03-01,ADO Den Haag,Jong Ajax,2,1,FT
1838176,2023-2024,28,2024-03-01,De Graafschap,TOP Oss,2,1,FT
1838178,2023-2024,28,2024-03-01,FC Emmen,Willem II,2,0,FT
1838179,2023-2024,28,2024-03-01,Helmond Sport,VVV-Venlo,1,1,FT
1838180,2023-2024,28,2024-03-01,NAC Breda,Jong Utrecht,3,1,FT
1838182,2023-2024,28,2024-03-01,FC Eindhoven,Jong AZ,1,1,FT
1838183,2023-2024,28,2024-03-01,SC Telstar,Roda JC,1,1,FT
1838177,2023-2024,28,2024-03-04,FC Den Bosch,FC Groningen,1,4,FT
1838181,2023-2024,28,2024-03-04,MVV Maastricht,FC Dordrecht,1,3,FT
1838184,2023-2024,28,2024-03-04,Jong PSV,SC Cambuur,3,1,FT
1838185,2023-2024,29,2024-03-08,FC Dordrecht,SC Telstar,2,0,FT
1838186,2023-2024,29,2024-03-08,FC Groningen,MVV Maastricht,3,0,FT
1838187,2023-2024,29,2024-03-08,Jong Ajax,NAC Breda,0,1,FT
1838188,2023-2024,29,2024-03-08,Jong AZ,Jong PSV,4,1,FT
1838189,2023-2024,29,2024-03-08,SC Cambuur,De Graafschap,1,2,FT
1838190,2023-2024,29,2024-03-08,Roda JC,ADO Den Haag,2,2,FT
1838191,2023-2024,29,2024-03-08,TOP Oss,FC Den Bosch,1,2,FT
1838192,2023-2024,29,2024-03-08,Willem II,FC Eindhoven,3,0,FT
1838193,2023-2024,29,2024-03-08,VVV-Venlo,FC Emmen,2,0,FT
1838194,2023-2024,29,2024-03-08,Jong Utrecht,Helmond Sport,0,1,FT
1838201,2023-2024,30,2024-03-15,FC Den Bosch,Willem II,1,4,FT
1838202,2023-2024,30,2024-03-15,FC Dordrecht,FC Eindhoven,0,0,FT
1838203,2023-2024,30,2024-03-15,Jong Ajax,Jong PSV,3,0,FT
1838204,2023-2024,30,2024-03-15,Jong AZ,SC Cambuur,2,0,FT
1838205,2023-2024,30,2024-03-15,NAC Breda,VVV-Venlo,1,0,FT
1838206,2023-2024,30,2024-03-15,SC Telstar,ADO Den Haag,3,1,FT
1838207,2023-2024,30,2024-03-15,FC Groningen,De Graafschap,4,2,FT
1838208,2023-2024,30,2024-03-15,Jong Utrecht,FC Emmen,2,3,FT
1838209,2023-2024,30,2024-03-15,TOP Oss,Helmond Sport,1,0,FT
1838210,2023-2024,30,2024-03-17,MVV Maastricht,Roda JC,0,3,FT
1838195,2023-2024,31,2024-03-11,ADO Den Haag,FC Dordrecht,2,2,FT
1838196,2023-2024,31,2024-03-11,FC Eindhoven,Jong Utrecht,3,0,FT
1838197,2023-2024,31,2024-03-11,FC Emmen,TOP Oss,0,1,FT
1838198,2023-2024,31,2024-03-11,Jong PSV,FC Groningen,2,3,FT
1838199,2023-2024,31,2024-03-11,De Graafschap,Jong Ajax,0,2,FT
1838200,2023-2024,31,2024-03-11,Helmond Sport,Jong AZ,3,1,FT
1838211,2023-2024,31,2024-03-23,SC Cambuur,SC Telstar,1,0,FT
1838212,2023-2024,31,2024-03-23,MVV Maastricht,FC Den Bosch,1,0,FT
1838213,2023-2024,31,2024-03-23,Roda JC,NAC Breda,3,1,FT
1838214,2023-2024,31,2024-03-23,Willem II,VVV-Venlo,2,0,FT
1838215,2023-2024,32,2024-03-29,ADO Den Haag,FC Groningen,0,2,FT
1838216,2023-2024,32,2024-03-29,FC Den Bosch,FC Dordrecht,0,3,FT
1838217,2023-2024,32,2024-03-29,Helmond Sport,Willem II,0,2,FT
1838218,2023-2024,32,2024-03-29,SC Telstar,Jong Utrecht,5,1,FT
1838219,2023-2024,32,2024-03-29,FC Emmen,Jong Ajax,4,2,FT
1838220,2023-2024,32,2024-03-29,De Graafschap,Jong AZ,2,1,FT
1838221,2023-2024,32,2024-03-29,NAC Breda,MVV Maastricht,1,2,FT
1838222,2023-2024,32,2024-03-29,FC Eindhoven,SC Cambuur,0,3,FT
1838223,2023-2024,32,2024-03-29,VVV-Venlo,TOP Oss,2,0,FT
1838224,2023-2024,32,2024-04-01,Jong PSV,Roda JC,2,3,FT
1838225,2023-2024,33,2024-04-05,FC Dordrecht,De Graafschap,2,1,FT
1838227,2023-2024,33,2024-04-05,SC Cambuur,ADO Den Haag,0,2,FT
1838228,2023-2024,33,2024-04-05,TOP Oss,FC Eindhoven,2,1,FT
1838229,2023-2024,33,2024-04-05,MVV Maastricht,Helmond Sport,3,0,FT
1838230,2023-2024,33,2024-04-05,SC Telstar,Jong PSV,3,1,FT
1838226,2023-2024,33,2024-04-07,FC Groningen,NAC Breda,1,1,FT
1838231,2023-2024,33,2024-04-07,Roda JC,VVV-Venlo,2,1,FT
1838232,2023-2024,33,2024-04-08,Jong Ajax,FC Den Bosch,0,2,FT
1838233,2023-2024,33,2024-04-08,Jong AZ,FC Emmen,3,2,FT
1838234,2023-2024,33,2024-04-08,Jong Utrecht,Willem II,1,1,FT
1838235,2023-2024,34,2024-04-12,ADO Den Haag,Helmond Sport,0,1,FT
1838236,2023-2024,34,2024-04-12,De Graafschap,SC Telstar,5,1,FT
1838237,2023-2024,34,2024-04-12,FC Eindhoven,Jong PSV,2,5,FT
1838238,2023-2024,34,2024-04-12,FC Emmen,MVV Maastricht,1,3,FT
1838239,2023-2024,34,2024-04-12,TOP Oss,Roda JC,1,4,FT
1838240,2023-2024,34,2024-04-12,NAC Breda,FC Dordrecht,1,4,FT
1838241,2023-2024,34,2024-04-12,Willem II,Jong AZ,4,1,FT
1838242,2023-2024,34,2024-04-14,VVV-Venlo,FC Groningen,0,1,FT
1838243,2023-2024,34,2024-04-15,Jong Ajax,SC Cambuur,2,1,FT
1838244,2023-2024,34,2024-04-15,Jong Utrecht,FC Den Bosch,0,2,FT
1838245,2023-2024,35,2024-04-19,FC Den Bosch,NAC Breda,2,2,FT
1838246,2023-2024,35,2024-04-19,FC Dordrecht,TOP Oss,3,1,FT
1838247,2023-2024,35,2024-04-19,Roda JC,De Graafschap,1,1,FT
1838248,2023-2024,35,2024-04-19,SC Telstar,FC Emmen,2,3,FT
1838249,2023-2024,35,2024-04-19,Helmond Sport,Jong Ajax,3,1,FT
1838250,2023-2024,35,2024-04-20,ADO Den Haag,FC Eindhoven,1,1,FT
1838251,2023-2024,35,2024-04-20,MVV Maastricht,Willem II,1,1,FT
1838252,2023-2024,35,2024-04-20,FC Groningen,SC Cambuur,3,0,FT
1838253,2023-2024,35,2024-04-22,Jong AZ,VVV-Venlo,2,1,FT
1838254,2023-2024,35,2024-04-22,Jong PSV,Jong Utrecht,2,0,FT
1838255,2023-2024,36,2024-04-26,De Graafschap,MVV Maastricht,3,0,FT
1838257,2023-2024,36,2024-04-26,Jong Ajax,Roda JC,1,1,FT
1838258,2023-2024,36,2024-04-26,SC Cambuur,FC Dordrecht,3,3,FT
1838259,2023-2024,36,2024-04-26,VVV-Venlo,FC Den Bosch,2,3,FT
1838260,2023-2024,36,2024-04-26,Willem II,FC Groningen,1,1,FT
1838261,2023-2024,36,2024-04-26,TOP Oss,Jong AZ,1,1,FT
1838262,2023-2024,36,2024-04-28,FC Eindhoven,SC Telstar,1,1,FT
1838263,2023-2024,36,2024-04-28,NAC Breda,Jong PSV,2,0,FT
1838256,2023-2024,36,2024-04-29,FC Emmen,Helmond Sport,3,0,FT
1838264,2023-2024,36,2024-04-29,Jong Utrecht,ADO Den Haag,0,2,FT
1838265,2023-2024,37,2024-05-03,De Graafschap,Jong Utrecht,2,2,FT
1838266,2023-2024,37,2024-05-03,FC Den Bosch,FC Emmen,1,2,FT
1838267,2023-2024,37,2024-05-03,FC Dordrecht,Willem II,1,1,FT
1838268,2023-2024,37,2024-05-03,Jong AZ,MVV Maastricht,2,3,FT
1838269,2023-2024,37,2024-05-03,NAC Breda,ADO Den Haag,2,2,FT
1838270,2023-2024,37,2024-05-03,Helmond Sport,FC Eindhoven,2,0,FT
1838271,2023-2024,37,2024-05-03,SC Telstar,FC Groningen,1,1,FT
1838272,2023-2024,37,2024-05-03,VVV-Venlo,Jong Ajax,2,0,FT
1838273,2023-2024,37,2024-05-03,Roda JC,SC Cambuur,2,0,FT
1838274,2023-2024,37,2024-05-03,Jong PSV,TOP Oss,4,1,FT
1838275,2023-2024,38,2024-05-10,ADO Den Haag,Jong PSV,2,3,FT
1838276,2023-2024,38,2024-05-10,FC Emmen,De Graafschap,2,1,FT
1838277,2023-2024,38,2024-05-10,FC Groningen,Roda JC,2,0,FT
1838278,2023-2024,38,2024-05-10,Jong Ajax,Jong AZ,1,4,FT
1838279,2023-2024,38,2024-05-10,MVV Maastricht,VVV-Venlo,2,0,FT
1838280,2023-2024,38,2024-05-10,SC Cambuur,Helmond Sport,1,1,FT
1838281,2023-2024,38,2024-05-10,FC Eindhoven,FC Den Bosch,2,0,FT
1838282,2023-2024,38,2024-05-10,Jong Utrecht,FC Dordrecht,1,1,FT
1838283,2023-2024,38,2024-05-10,TOP Oss,NAC Breda,1,1,FT
1838284,2023-2024,38,2024-05-10,Willem II,SC Telstar,3,2,FT
2071195,2024-2025,1,2024-08-09,FC Eindhoven,FC Den Bosch,2,0,FT
2071196,2024-2025,1,2024-08-09,FC Emmen,FC Dordrecht,1,2,FT
2071197,2024-2025,1,2024-08-09,Helmond Sport,Jong Utrecht,1,1,FT
2071198,2024-2025,1,2024-08-09,MVV Maastricht,SC Cambuur,0,1,FT
2071199,2024-2025,1,2024-08-09,TOP Oss,Excelsior,3,1,FT
2071200,2024-2025,1,2024-08-09,Vitesse,SC Telstar,2,3,FT
2071201,2024-2025,1,2024-08-10,ADO Den Haag,VVV-Venlo,1,1,FT
2071202,2024-2025,1,2024-08-11,De Graafschap,FC Volendam,4,3,FT
2071203,2024-2025,1,2024-08-12,Jong AZ,Roda JC,6,1,FT
2071204,2024-2025,1,2024-08-12,Jong PSV,Jong Ajax,2,2,FT
2071205,2024-2025,2,2024-08-16,Excelsior,De Graafschap,3,1,FT
2071206,2024-2025,2,2024-08-16,FC Den Bosch,Jong AZ,6,0,FT
2071207,2024-2025,2,2024-08-16,Jong Utrecht,Jong PSV,0,2,FT
2071208,2024-2025,2,2024-08-16,Roda JC,TOP Oss,0,0,FT
2071210,2024-2025,2,2024-08-16,SC Telstar,FC Eindhoven,0,3,FT
2071211,2024-2025,2,2024-08-16,VVV-Venlo,Vitesse,0,1,FT
2071212,2024-2025,2,2024-08-17,FC Dordrecht,ADO Den Haag,1,1,FT
2071209,2024-2025,2,2024-08-18,SC Cambuur,Helmond Sport,0,1,FT
2071213,2024-2025,2,2024-08-18,FC Volendam,FC Emmen,0,1,FT
2071214,2024-2025,2,2024-08-19,Jong Ajax,MVV Maastricht,0,0,FT
2071215,2024-2025,3,2024-08-23,ADO Den Haag,FC Volendam,2,1,FT
2071216,2024-2025,3,2024-08-23,De Graafschap,Jong Utrecht,2,2,FT
2071217,2024-2025,3,2024-08-23,FC Den Bosch,MVV Maastricht,1,1,FT
2071218,2024-2025,3,2024-08-23,FC Emmen,Helmond Sport,0,0,FT
2071219,2024-2025,3,2024-08-23,TOP Oss,SC Cambuur,1,0,FT
2071221,2024-2025,3,2024-08-24,FC Eindhoven,Jong Ajax,0,3,FT
2071220,2024-2025,3,2024-08-25,Vitesse,Excelsior,1,1,FT
2071222,2024-2025,3,2024-08-25,VVV-Venlo,Roda JC,1,1,FT
2071223,2024-2025,3,2024-08-26,Jong AZ,FC Dordrecht,3,1,FT
2071224,2024-2025,3,2024-08-26,Jong PSV,SC Telstar,0,2,FT
2071225,2024-2025,4,2024-08-30,ADO Den Haag,Excelsior,0,5,FT
2071226,2024-2025,4,2024-08-30,FC Dordrecht,SC Cambuur,2,0,FT
2071227,2024-2025,4,2024-08-30,Helmond Sport,VVV-Venlo,3,0,FT
2071228,2024-2025,4,2024-08-30,Jong Ajax,FC Den Bosch,1,2,FT
2071229,2024-2025,4,2024-08-30,Jong Utrecht,FC Emmen,1,2,FT
2071230,2024-2025,4,2024-08-30,MVV Maastricht,Jong PSV,3,2,FT
2071231,2024-2025,4,2024-08-30,SC Telstar,Jong AZ,0,0,FT
2071232,2024-2025,4,2024-08-30,Vitesse,FC Eindhoven,1,1,FT
2071233,2024-2025,4,2024-08-31,FC Volendam,TOP Oss,4,0,FT
2071234,2024-2025,4,2024-09-01,Roda JC,De Graafschap,1,4,FT
2071235,2024-2025,5,2024-09-06,De Graafschap,FC Eindhoven,2,0,FT
2071236,2024-2025,5,2024-09-08,SC Telstar,MVV Maastricht,4,0,FT
2071247,2024-2025,5,2024-09-16,Excelsior,VVV-Venlo,4,0,FT
2071248,2024-2025,5,2024-09-16,FC Emmen,Vitesse,3,3,FT
2071250,2024-2025,5,2024-09-16,Helmond Sport,TOP Oss,1,0,FT
2071252,2024-2025,5,2024-09-16,Jong Utrecht,FC Den Bosch,0,3,FT
2071253,2024-2025,5,2024-09-16,Jong PSV,ADO Den Haag,2,2,FT
2071254,2024-2025,5,2024-09-16,SC Cambuur,Roda JC,0,0,FT
2071249,2024-2025,5,2024-09-17,FC Volendam,FC Dordrecht,2,0,FT
2071251,2024-2025,5,2024-09-17,Jong Ajax,Jong AZ,1,2,FT
2071237,2024-2025,6,2024-09-13,De Graafschap,Helmond Sport,2,3,FT
2071238,2024-2025,6,2024-09-13,Excelsior,SC Telstar,3,2,FT
2071239,2024-2025,6,2024-09-13,FC Den Bosch,ADO Den Haag,2,0,FT
2071240,2024-2025,6,2024-09-13,FC Eindhoven,FC Dordrecht,0,0,FT
2071241,2024-2025,6,2024-09-13,FC Emmen,Roda JC,1,3,FT
2071242,2024-2025,6,2024-09-13,Jong AZ,Vitesse,0,1,FT
2071243,2024-2025,6,2024-09-13,MVV Maastricht,FC Volendam,2,2,FT
2071244,2024-2025,6,2024-09-13,SC Cambuur,Jong Ajax,0,1,FT
2071245,2024-2025,6,2024-09-13,TOP Oss,Jong PSV,0,3,FT
2071246,2024-2025,6,2024-09-13,VVV-Venlo,Jong Utrecht,3,2,FT
2071255,2024-2025,7,2024-09-20,ADO Den Haag,SC Telstar,1,1,FT
2071256,2024-2025,7,2024-09-20,FC Den Bosch,FC Emmen,1,0,FT
2071257,2024-2025,7,2024-09-20,FC Dordrecht,Excelsior,2,2,FT
2071258,2024-2025,7,2024-09-20,Helmond Sport,FC Volendam,2,3,FT
2071259,2024-2025,7,2024-09-20,VVV-Venlo,Jong PSV,0,2,FT
2071260,2024-2025,7,2024-09-21,Roda JC,MVV Maastricht,1,0,FT
2071261,2024-2025,7,2024-09-21,Vitesse,Jong Ajax,2,2,FT
2071262,2024-2025,7,2024-09-22,TOP Oss,FC Eindhoven,0,4,FT
2071263,2024-2025,7,2024-09-23,Jong AZ,De Graafschap,2,2,FT
2071264,2024-2025,7,2024-09-23,Jong Utrecht,SC Cambuur,0,4,FT
2071265,2024-2025,8,2024-09-27,ADO Den Haag,Jong Utrecht,1,1,FT
2071266,2024-2025,8,2024-09-27,Excelsior,Jong AZ,4,2,FT
2071267,2024-2025,8,2024-09-27,FC Eindhoven,Roda JC,0,0,FT
2071268,2024-2025,8,2024-09-27,FC Volendam,VVV-Venlo,2,4,FT
2071269,2024-2025,8,2024-09-27,MVV Maastricht,TOP Oss,2,2,FT
2071274,2024-2025,8,2024-09-28,SC Telstar,FC Den Bosch,0,0,FT
2071270,2024-2025,8,2024-09-29,De Graafschap,Vitesse,3,1,FT
2071271,2024-2025,8,2024-09-29,SC Cambuur,FC Emmen,1,3,FT
2071272,2024-2025,8,2024-09-30,Jong Ajax,FC Dordrecht,0,1,FT
2071273,2024-2025,8,2024-09-30,Jong PSV,Helmond Sport,1,3,FT
2071275,2024-2025,9,2024-10-04,FC Den Bosch,De Graafschap,2,2,FT
2071276,2024-2025,9,2024-10-04,FC Dordrecht,Jong PSV,2,0,FT
2071277,2024-2025,9,2024-10-04,FC Emmen,MVV Maastricht,1,1,FT
2071278,2024-2025,9,2024-10-04,Helmond Sport,Jong Ajax,1,1,FT
2071279,2024-2025,9,2024-10-04,Jong AZ,FC Eindhoven,2,3,FT
2071280,2024-2025,9,2024-10-04,Jong Utrecht,SC Telstar,1,1,FT
2071281,2024-2025,9,2024-10-04,Roda JC,Excelsior,3,0,FT
2071282,2024-2025,9,2024-10-04,TOP Oss,ADO Den Haag,1,5,FT
2071283,2024-2025,9,2024-10-04,Vitesse,FC Volendam,1,2,FT
2071284,2024-2025,9,2024-10-04,VVV-Venlo,SC Cambuur,0,1,FT
2071285,2024-2025,10,2024-10-12,SC Telstar,De Graafschap,2,2,FT
2071286,2024-2025,10,2024-10-13,MVV Maastricht,VVV-Venlo,2,0,FT
2071300,2024-2025,10,2024-10-21,Helmond Sport,Roda JC,2,1,FT
2071301,2024-2025,10,2024-10-21,Jong Ajax,ADO Den Haag,0,0,FT
2071303,2024-2025,10,2024-10-21,Jong PSV,Excelsior,1,3,FT
2071304,2024-2025,10,2024-10-21,SC Cambuur,FC Eindhoven,2,0,FT
2071297,2024-2025,10,2024-10-22,FC Dordrecht,Vitesse,2,2,FT
2071298,2024-2025,10,2024-10-22,FC Emmen,TOP Oss,2,0,FT
2071299,2024-2025,10,2024-10-22,FC Volendam,FC Den Bosch,3,2,FT
2071302,2024-2025,10,2024-10-22,Jong Utrecht,Jong AZ,0,1,FT
2071287,2024-2025,11,2024-10-18,ADO Den Haag,Roda JC,3,0,FT
2071288,2024-2025,11,2024-10-18,De Graafschap,Jong PSV,3,1,FT
2071289,2024-2025,11,2024-10-18,Excelsior,MVV Maastricht,3,2,FT
2071290,2024-2025,11,2024-10-18,FC Den Bosch,Vitesse,4,2,FT
2071291,2024-2025,11,2024-10-18,FC Eindhoven,FC Emmen,0,3,FT
2071292,2024-2025,11,2024-10-18,Jong Ajax,Jong Utrecht,0,0,FT
2071293,2024-2025,11,2024-10-18,Jong AZ,Helmond Sport,2,3,FT
2071294,2024-2025,11,2024-10-18,SC Cambuur,FC Volendam,1,2,FT
2071295,2024-2025,11,2024-10-18,TOP Oss,SC Telstar,1,1,FT
2071296,2024-2025,11,2024-10-18,VVV-Venlo,FC Dordrecht,2,3,FT
2071305,2024-2025,12,2024-10-25,ADO Den Haag,De Graafschap,1,2,FT
2071306,2024-2025,12,2024-10-25,FC Dordrecht,Jong Utrecht,3,1,FT
2071308,2024-2025,12,2024-10-25,FC Volendam,FC Eindhoven,4,1,FT
2071309,2024-2025,12,2024-10-25,Roda JC,Jong Ajax,2,1,FT
2071310,2024-2025,12,2024-10-25,TOP Oss,Jong AZ,2,1,FT
2071311,2024-2025,12,2024-10-25,Vitesse,Jong PSV,1,3,FT
2071312,2024-2025,12,2024-10-25,VVV-Venlo,FC Den Bosch,1,2,FT
2071313,2024-2025,12,2024-10-26,Excelsior,SC Cambuur,0,1,FT
2071307,2024-2025,12,2024-10-27,FC Emmen,SC Telstar,0,1,FT
2071314,2024-2025,12,2024-10-27,MVV Maastricht,Helmond Sport,1,2,FT
2071315,2024-2025,13,2024-11-01,De Graafschap,FC Dordrecht,4,1,FT
2071316,2024-2025,13,2024-11-01,FC Eindhoven,ADO Den Haag,0,4,FT
2071317,2024-2025,13,2024-11-01,Jong Ajax,VVV-Venlo,0,1,FT
2071318,2024-2025,13,2024-11-01,Jong AZ,SC Cambuur,2,3,FT
2071320,2024-2025,13,2024-11-02,Vitesse,TOP Oss,0,0,FT
2071321,2024-2025,13,2024-11-02,FC Den Bosch,Roda JC,1,1,FT
2071319,2024-2025,13,2024-11-03,SC Telstar,FC Volendam,2,2,FT
2071322,2024-2025,13,2024-11-03,Helmond Sport,Excelsior,0,1,FT
2071323,2024-2025,13,2024-11-04,Jong Utrecht,MVV Maastricht,4,3,FT
2071324,2024-2025,13,2024-11-04,Jong PSV,FC Emmen,2,3,FT
2071325,2024-2025,14,2024-11-08,ADO Den Haag,Vitesse,2,0,FT
2071326,2024-2025,14,2024-11-08,Excelsior,FC Eindhoven,2,0,FT
2071327,2024-2025,14,2024-11-08,FC Emmen,Jong Ajax,4,2,FT
2071328,2024-2025,14,2024-11-08,FC Volendam,Jong Utrecht,2,0,FT
2071329,2024-2025,14,2024-11-08,MVV Maastricht,De Graafschap,0,0,FT
2071330,2024-2025,14,2024-11-08,SC Cambuur,Jong PSV,1,0,FT
2071331,2024-2025,14,2024-11-08,TOP Oss,FC Den Bosch,1,0,FT
2071332,2024-2025,14,2024-11-08,VVV-Venlo,Jong AZ,0,1,FT
2071333,2024-2025,14,2024-11-09,Roda JC,SC Telstar,1,0,FT
2071334,2024-2025,14,2024-11-10,FC Dordrecht,Helmond Sport,4,0,FT
2071335,2024-2025,15,2024-11-15,SC Telstar,VVV-Venlo,4,0,FT
2071336,2024-2025,15,2024-11-17,FC Eindhoven,MVV Maastricht,1,1,FT
2071347,2024-2025,15,2024-11-25,FC Dordrecht,TOP Oss,2,2,FT
2071348,2024-2025,15,2024-11-25,FC Emmen,De Graafschap,3,0,FT
2071349,2024-2025,15,2024-11-25,FC Volendam,Jong Ajax,3,0,FT
2071350,2024-2025,15,2024-11-25,Helmond Sport,ADO Den Haag,2,1,FT
2071352,2024-2025,15,2024-11-25,Jong PSV,Jong AZ,2,1,FT
2071351,2024-2025,15,2024-11-26,Jong Utrecht,Excelsior,0,0,FT
2071353,2024-2025,15,2024-11-26,Roda JC,Vitesse,3,0,FT
2071354,2024-2025,15,2024-11-26,SC Cambuur,FC Den Bosch,1,2,FT
2071337,2024-2025,16,2024-11-22,De Graafschap,TOP Oss,4,0,FT
2071338,2024-2025,16,2024-11-22,FC Den Bosch,Excelsior,0,3,FT
2071339,2024-2025,16,2024-11-22,Helmond Sport,FC Eindhoven,3,4,FT
2071340,2024-2025,16,2024-11-22,Jong Ajax,SC Telstar,3,0,FT
2071341,2024-2025,16,2024-11-22,Jong AZ,ADO Den Haag,3,3,FT
2071342,2024-2025,16,2024-11-22,Jong Utrecht,Roda JC,1,3,FT
2071343,2024-2025,16,2024-11-22,Jong PSV,FC Volendam,1,4,FT
2071344,2024-2025,16,2024-11-22,MVV Maastricht,FC Dordrecht,2,1,FT
2071345,2024-2025,16,2024-11-22,Vitesse,SC Cambuur,0,6,FT
2071346,2024-2025,16,2024-11-22,VVV-Venlo,FC Emmen,0,2,FT
2071355,2024-2025,17,2024-11-29,ADO Den Haag,FC Emmen,2,1,FT
2071357,2024-2025,17,2024-11-29,Excelsior,Jong Ajax,2,0,FT
2071358,2024-2025,17,2024-11-29,FC Eindhoven,Jong PSV,1,0,FT
2071359,2024-2025,17,2024-11-29,Roda JC,FC Volendam,1,1,FT
2071360,2024-2025,17,2024-11-29,SC Telstar,SC Cambuur,2,2,FT
2071361,2024-2025,17,2024-11-29,Vitesse,Helmond Sport,2,1,FT
2071362,2024-2025,17,2024-11-30,TOP Oss,Jong Utrecht,1,1,FT
2071356,2024-2025,17,2024-12-01,De Graafschap,VVV-Venlo,3,1,FT
2071363,2024-2025,17,2024-12-01,FC Den Bosch,FC Dordrecht,2,3,FT
2071364,2024-2025,17,2024-12-02,Jong AZ,MVV Maastricht,2,3,FT
2071365,2024-2025,18,2024-12-06,FC Dordrecht,SC Telstar,3,2,FT
2071366,2024-2025,18,2024-12-06,FC Volendam,Jong AZ,2,0,FT
2071367,2024-2025,18,2024-12-06,Helmond Sport,FC Den Bosch,0,0,FT
2071368,2024-2025,18,2024-12-06,MVV Maastricht,Vitesse,2,2,FT
2071369,2024-2025,18,2024-12-06,VVV-Venlo,TOP Oss,0,0,FT
2071370,2024-2025,18,2024-12-07,SC Cambuur,ADO Den Haag,2,1,FT
2071371,2024-2025,18,2024-12-08,FC Emmen,Excelsior,1,1,FT
2071372,2024-2025,18,2024-12-09,Jong Ajax,De Graafschap,2,0,FT
2071373,2024-2025,18,2024-12-09,Jong Utrecht,FC Eindhoven,0,4,FT
2071374,2024-2025,18,2024-12-09,Jong PSV,Roda JC,2,3,FT
2071375,2024-2025,19,2024-12-13,ADO Den Haag,MVV Maastricht,2,0,FT
2071376,2024-2025,19,2024-12-13,De Graafschap,SC Cambuur,0,2,FT
2071377,2024-2025,19,2024-12-13,Excelsior,FC Volendam,0,0,FT
2071378,2024-2025,19,2024-12-13,FC Den Bosch,Jong PSV,1,1,FT
2071379,2024-2025,19,2024-12-13,FC Eindhoven,VVV-Venlo,1,3,FT
2071380,2024-2025,19,2024-12-13,Jong AZ,FC Emmen,1,1,FT
2071381,2024-2025,19,2024-12-13,Roda JC,FC Dordrecht,0,1,FT
2071382,2024-2025,19,2024-12-13,SC Telstar,Helmond Sport,3,0,FT
2071383,2024-2025,19,2024-12-13,TOP Oss,Jong Ajax,2,1,FT
2071384,2024-2025,19,2024-12-13,Vitesse,Jong Utrecht,2,1,FT
2071385,2024-2025,20,2024-12-20,FC Dordrecht,FC Eindhoven,3,3,FT
2071386,2024-2025,20,2024-12-20,FC Emmen,FC Den Bosch,0,3,FT
2071389,2024-2025,20,2024-12-20,SC Cambuur,Jong AZ,0,2,FT
2071393,2024-2025,20,2024-12-20,Jong Utrecht,Helmond Sport,3,1,FT
2071394,2024-2025,20,2024-12-20,Jong PSV,Vitesse,6,4,FT
2071390,2024-2025,20,2024-12-21,VVV-Venlo,Excelsior,1,1,FT
2071387,2024-2025,20,2024-12-22,FC Volendam,De Graafschap,2,1,FT
2071388,2024-2025,20,2024-12-22,MVV Maastricht,SC Telstar,5,1,FT
2071391,2024-2025,20,2024-12-22,ADO Den Haag,TOP Oss,1,0,FT
2071392,2024-2025,20,2024-12-23,Jong Ajax,Roda JC,3,1,FT
2071396,2024-2025,21,2025-01-10,Excelsior,FC Dordrecht,1,0,FT
2071401,2024-2025,21,2025-01-10,TOP Oss,MVV Maastricht,1,0,FT
2071402,2024-2025,21,2025-01-10,FC Eindhoven,FC Volendam,1,3,FT
2071400,2024-2025,21,2025-01-12,SC Telstar,Jong PSV,1,0,FT
2071403,2024-2025,21,2025-01-12,Vitesse,VVV-Venlo,1,4,FT
2071404,2024-2025,21,2025-01-13,Jong AZ,Jong Ajax,2,1,FT
2071399,2024-2025,21,2025-01-20,Roda JC,SC Cambuur,0,1,FT
2071397,2024-2025,21,2025-01-27,FC Den Bosch,Jong Utrecht,2,0,FT
2071395,2024-2025,21,2025-02-03,De Graafschap,ADO Den Haag,1,2,FT
2071398,2024-2025,21,2025-02-24,Helmond Sport,FC Emmen,1,2,FT
2071405,2024-2025,22,2025-01-17,ADO Den Haag,Helmond Sport,3,1,FT
2071406,2024-2025,22,2025-01-17,FC Dordrecht,Jong AZ,1,1,FT
2071407,2024-2025,22,2025-01-17,FC Volendam,Vitesse,4,0,FT
2071408,2024-2025,22,2025-01-17,SC Cambuur,Excelsior,1,0,FT
2071409,2024-2025,22,2025-01-17,TOP Oss,Roda JC,0,2,FT
2071410,2024-2025,22,2025-01-17,VVV-Venlo,SC Telstar,1,0,FT
2071411,2024-2025,22,2025-01-18,MVV Maastricht,FC Den Bosch,5,0,FT
2071412,2024-2025,22,2025-01-19,FC Emmen,FC Eindhoven,1,2,FT
2071413,2024-2025,22,2025-01-20,Jong Ajax,Jong PSV,4,0,FT
2071414,2024-2025,22,2025-01-20,Jong Utrecht,De Graafschap,1,1,FT
2071415,2024-2025,23,2025-01-24,De Graafschap,FC Emmen,4,0,FT
2071416,2024-2025,23,2025-01-24,FC Den Bosch,TOP Oss,1,0,FT
2071417,2024-2025,23,2025-01-24,FC Eindhoven,SC Cambuur,4,2,FT
2071418,2024-2025,23,2025-01-24,FC Volendam,MVV Maastricht,3,1,FT
2071419,2024-2025,23,2025-01-24,Roda JC,Jong Utrecht,3,0,FT
2071420,2024-2025,23,2025-01-24,Vitesse,FC Dordrecht,0,3,FT
2071421,2024-2025,23,2025-01-25,SC Telstar,Jong Ajax,3,0,FT
2071422,2024-2025,23,2025-01-26,Excelsior,ADO Den Haag,1,0,FT
2071423,2024-2025,23,2025-01-26,Helmond Sport,Jong AZ,2,1,FT
2071424,2024-2025,23,2025-01-27,Jong PSV,VVV-Venlo,1,2,FT
2071425,2024-2025,24,2025-01-31,ADO Den Haag,FC Eindhoven,2,1,FT
2071426,2024-2025,24,2025-01-31,FC Den Bosch,FC Volendam,3,0,FT
2071427,2024-2025,24,2025-01-31,FC Dordrecht,De Graafschap,1,1,FT
2071428,2024-2025,24,2025-01-31,FC Emmen,Jong PSV,4,2,FT
2071429,2024-2025,24,2025-01-31,SC Cambuur,SC Telstar,2,1,FT
2071430,2024-2025,24,2025-02-01,Excelsior,Vitesse,1,3,FT
2071431,2024-2025,24,2025-02-01,MVV Maastricht,Roda JC,3,2,FT
2071432,2024-2025,24,2025-02-02,TOP Oss,Helmond Sport,1,1,FT
2071433,2024-2025,24,2025-02-03,Jong AZ,VVV-Venlo,3,0,FT
2071434,2024-2025,24,2025-02-28,Jong Utrecht,Jong Ajax,1,2,FT
2071435,2024-2025,25,2025-02-07,De Graafschap,FC Den Bosch,1,0,FT
2071436,2024-2025,25,2025-02-07,FC Eindhoven,TOP Oss,3,0,FT
2071437,2024-2025,25,2025-02-07,FC Volendam,ADO Den Haag,1,2,FT
2071438,2024-2025,25,2025-02-07,Roda JC,Jong AZ,3,3,FT
2071439,2024-2025,25,2025-02-08,Helmond Sport,FC Dordrecht,0,1,FT
2071440,2024-2025,25,2025-02-09,VVV-Venlo,MVV Maastricht,0,0,FT
2071441,2024-2025,25,2025-02-09,SC Telstar,Jong Utrecht,6,0,FT
2071442,2024-2025,25,2025-02-10,Jong Ajax,Excelsior,3,2,FT
2071443,2024-2025,25,2025-02-10,Jong PSV,SC Cambuur,1,4,FT
2071444,2024-2025,25,2025-02-10,Vitesse,FC Emmen,2,0,FT
2071445,2024-2025,26,2025-02-14,ADO Den Haag,Jong Ajax,1,0,FT
2071447,2024-2025,26,2025-02-14,FC Den Bosch,SC Telstar,0,1,FT
2071448,2024-2025,26,2025-02-14,MVV Maastricht,FC Eindhoven,2,0,FT
2071449,2024-2025,26,2025-02-14,SC Cambuur,TOP Oss,1,1,FT
2071452,2024-2025,26,2025-02-14,FC Dordrecht,Roda JC,2,1,FT
2071450,2024-2025,26,2025-02-15,FC Emmen,FC Volendam,1,2,FT
2071446,2024-2025,26,2025-02-16,Excelsior,Helmond Sport,1,1,FT
2071451,2024-2025,26,2025-02-16,Vitesse,De Graafschap,2,0,FT
2071454,2024-2025,26,2025-04-01,Jong Utrecht,VVV-Venlo,0,0,FT
2071453,2024-2025,26,2025-04-07,Jong AZ,Jong PSV,2,2,FT
2071455,2024-2025,27,2025-02-21,De Graafschap,Jong AZ,5,1,FT
2071457,2024-2025,27,2025-02-21,Helmond Sport,Vitesse,3,0,FT
2071458,2024-2025,27,2025-02-21,Roda JC,FC Den Bosch,0,0,FT
2071459,2024-2025,27,2025-02-21,SC Telstar,Excelsior,1,3,FT
2071460,2024-2025,27,2025-02-21,TOP Oss,FC Emmen,0,4,FT
2071461,2024-2025,27,2025-02-22,VVV-Venlo,FC Volendam,1,3,FT
2071456,2024-2025,27,2025-02-23,FC Eindhoven,Jong Utrecht,1,2,FT
2071462,2024-2025,27,2025-02-23,MVV Maastricht,ADO Den Haag,1,4,FT
2071463,2024-2025,27,2025-02-24,Jong Ajax,SC Cambuur,1,1,FT
2071464,2024-2025,27,2025-02-24,Jong PSV,FC Dordrecht,1,2,FT
2071465,2024-2025,28,2025-02-28,FC Dordrecht,FC Emmen,3,0,FT
2071466,2024-2025,28,2025-02-28,FC Volendam,Helmond Sport,3,1,FT
2071467,2024-2025,28,2025-02-28,Jong PSV,De Graafschap,1,2,FT
2071469,2024-2025,28,2025-02-28,SC Cambuur,VVV-Venlo,5,0,FT
2071468,2024-2025,28,2025-03-01,Vitesse,MVV Maastricht,1,0,FT
2071470,2024-2025,28,2025-03-02,ADO Den Haag,FC Den Bosch,2,1,FT
2071471,2024-2025,28,2025-03-02,Excelsior,Roda JC,1,1,FT
2071472,2024-2025,28,2025-03-03,Jong Ajax,FC Eindhoven,0,2,FT
2071473,2024-2025,28,2025-03-03,Jong AZ,SC Telstar,1,2,FT
2071474,2024-2025,28,2025-03-03,Jong Utrecht,TOP Oss,1,1,FT
2071475,2024-2025,29,2025-03-07,De Graafschap,Excelsior,2,1,FT
2071476,2024-2025,29,2025-03-07,FC Den Bosch,SC Cambuur,0,2,FT
2071477,2024-2025,29,2025-03-07,FC Eindhoven,Vitesse,3,3,FT
2071478,2024-2025,29,2025-03-07,FC Emmen,ADO Den Haag,0,1,FT
2071479,2024-2025,29,2025-03-07,Helmond Sport,MVV Maastricht,4,0,FT
2071480,2024-2025,29,2025-03-07,Jong AZ,Jong Utrecht,5,1,FT
2071481,2024-2025,29,2025-03-07,Roda JC,Jong PSV,2,1,FT
2071482,2024-2025,29,2025-03-07,SC Telstar,FC Dordrecht,5,0,FT
2071483,2024-2025,29,2025-03-07,TOP Oss,FC Volendam,0,2,FT
2071484,2024-2025,29,2025-03-07,VVV-Venlo,Jong Ajax,1,0,FT
2071495,2024-2025,30,2025-03-14,FC Dordrecht,VVV-Venlo,4,0,FT
2071496,2024-2025,30,2025-03-14,FC Eindhoven,Excelsior,1,2,FT
2071497,2024-2025,30,2025-03-14,FC Emmen,Jong Utrecht,2,0,FT
2071498,2024-2025,30,2025-03-14,Helmond Sport,Jong PSV,1,1,FT
2071499,2024-2025,30,2025-03-14,MVV Maastricht,Jong AZ,0,1,FT
2071500,2024-2025,30,2025-03-14,SC Telstar,Roda JC,3,1,FT
2071502,2024-2025,30,2025-03-14,Vitesse,ADO Den Haag,0,1,FT
2071503,2024-2025,30,2025-03-15,FC Volendam,SC Cambuur,4,1,FT
2071501,2024-2025,30,2025-03-16,TOP Oss,De Graafschap,0,2,FT
2071504,2024-2025,30,2025-03-16,FC Den Bosch,Jong Ajax,3,1,FT
2071488,2024-2025,31,2025-03-10,Excelsior,FC Den Bosch,3,1,FT
2071491,2024-2025,31,2025-03-10,Jong Utrecht,Vitesse,0,2,FT
2071492,2024-2025,31,2025-03-10,Jong PSV,TOP Oss,2,2,FT
2071494,2024-2025,31,2025-03-10,SC Cambuur,FC Dordrecht,1,0,FT
2071487,2024-2025,31,2025-03-11,ADO Den Haag,Jong AZ,0,3,FT
2071489,2024-2025,31,2025-03-11,FC Volendam,SC Telstar,3,0,FT
2071490,2024-2025,31,2025-03-11,Jong Ajax,FC Emmen,0,2,FT
2071493,2024-2025,31,2025-03-11,Roda JC,Helmond Sport,3,2,FT
2071485,2024-2025,31,2025-03-22,De Graafschap,MVV Maastricht,0,0,FT
2071486,2024-2025,31,2025-03-22,VVV-Venlo,FC Eindhoven,2,2,FT
2071505,2024-2025,32,2025-03-28,Excelsior,Jong Utrecht,3,0,FT
2071506,2024-2025,32,2025-03-28,FC Eindhoven,Helmond Sport,2,2,FT
2071507,2024-2025,32,2025-03-28,MVV Maastricht,FC Emmen,1,2,FT
2071508,2024-2025,32,2025-03-28,SC Cambuur,De Graafschap,3,2,FT
2071509,2024-2025,32,2025-03-28,SC Telstar,Vitesse,1,0,FT
2071510,2024-2025,32,2025-03-29,Roda JC,VVV-Venlo,1,4,FT
2071511,2024-2025,32,2025-03-30,ADO Den Haag,FC Dordrecht,2,1,FT
2071512,2024-2025,32,2025-03-31,Jong Ajax,FC Volendam,0,2,FT
2071513,2024-2025,32,2025-03-31,Jong AZ,TOP Oss,1,1,FT
2071514,2024-2025,32,2025-03-31,Jong PSV,FC Den Bosch,2,4,FT
2071516,2024-2025,33,2025-04-04,FC Dordrecht,Jong Ajax,3,0,FT
2071517,2024-2025,33,2025-04-04,FC Emmen,SC Cambuur,3,0,FT
2071518,2024-2025,33,2025-04-04,FC Volendam,Jong PSV,4,0,FT
2071519,2024-2025,33,2025-04-04,MVV Maastricht,Excelsior,1,2,FT
2071520,2024-2025,33,2025-04-04,TOP Oss,VVV-Venlo,2,1,FT
2071521,2024-2025,33,2025-04-04,Vitesse,Jong AZ,2,2,FT
2071522,2024-2025,33,2025-04-05,Helmond Sport,SC Telstar,2,2,FT
2071515,2024-2025,33,2025-04-06,FC Den Bosch,FC Eindhoven,2,2,FT
2071523,2024-2025,33,2025-04-06,De Graafschap,Roda JC,2,0,FT
2071524,2024-2025,33,2025-04-07,Jong Utrecht,ADO Den Haag,1,1,FT
2071525,2024-2025,34,2025-04-11,Excelsior,TOP Oss,2,0,FT
2071526,2024-2025,34,2025-04-11,FC Eindhoven,De Graafschap,1,0,FT
2071527,2024-2025,34,2025-04-11,Roda JC,FC Emmen,1,0,FT
2071529,2024-2025,34,2025-04-11,SC Telstar,ADO Den Haag,1,1,FT
2071530,2024-2025,34,2025-04-12,FC Dordrecht,FC Den Bosch,4,0,FT
2071528,2024-2025,34,2025-04-13,SC Cambuur,Jong Utrecht,3,1,FT
2071531,2024-2025,34,2025-04-13,VVV-Venlo,Helmond Sport,4,1,FT
2071532,2024-2025,34,2025-04-14,Jong Ajax,Vitesse,1,1,FT
2071533,2024-2025,34,2025-04-14,Jong AZ,FC Volendam,0,1,FT
2071534,2024-2025,34,2025-04-14,Jong PSV,MVV Maastricht,3,2,FT
2071535,2024-2025,35,2025-04-18,FC Den Bosch,VVV-Venlo,0,0,FT
2071536,2024-2025,35,2025-04-18,FC Eindhoven,SC Telstar,0,4,FT
2071537,2024-2025,35,2025-04-18,FC Emmen,Jong AZ,1,4,FT
2071538,2024-2025,35,2025-04-18,Helmond Sport,SC Cambuur,1,1,FT
2071539,2024-2025,35,2025-04-18,MVV Maastricht,Jong Utrecht,5,0,FT
2071540,2024-2025,35,2025-04-19,Vitesse,Roda JC,3,0,FT
2071541,2024-2025,35,2025-04-19,TOP Oss,FC Dordrecht,2,0,FT
2071542,2024-2025,35,2025-04-19,De Graafschap,Jong Ajax,2,0,FT
2071543,2024-2025,35,2025-04-20,ADO Den Haag,Jong PSV,3,2,FT
2071544,2024-2025,35,2025-04-20,FC Volendam,Excelsior,1,4,FT
2071546,2024-2025,36,2025-04-24,Roda JC,ADO Den Haag,1,1,FT
2071545,2024-2025,36,2025-04-25,FC Dordrecht,MVV Maastricht,3,0,FT
2071547,2024-2025,36,2025-04-25,SC Cambuur,Vitesse,2,1,FT
2071548,2024-2025,36,2025-04-25,SC Telstar,TOP Oss,3,2,FT
2071550,2024-2025,36,2025-04-27,Excelsior,FC Emmen,2,0,FT
2071549,2024-2025,36,2025-04-28,VVV-Venlo,De Graafschap,3,1,FT
2071551,2024-2025,36,2025-04-28,Jong Ajax,Helmond Sport,1,0,FT
2071552,2024-2025,36,2025-04-28,Jong AZ,FC Den Bosch,0,0,FT
2071553,2024-2025,36,2025-04-28,Jong Utrecht,FC Volendam,2,3,FT
2071554,2024-2025,36,2025-04-28,Jong PSV,FC Eindhoven,0,2,FT
2071555,2024-2025,37,2025-05-02,ADO Den Haag,SC Cambuur,3,4,FT
2071556,2024-2025,37,2025-05-02,De Graafschap,SC Telstar,2,1,FT
2071557,2024-2025,37,2025-05-02,Excelsior,Jong PSV,5,0,FT
2071558,2024-2025,37,2025-05-02,FC Den Bosch,Helmond Sport,1,0,FT
2071559,2024-2025,37,2025-05-02,FC Eindhoven,Jong AZ,2,4,FT
2071560,2024-2025,37,2025-05-02,FC Emmen,VVV-Venlo,2,1,FT
2071561,2024-2025,37,2025-05-02,FC Volendam,Roda JC,3,2,FT
2071562,2024-2025,37,2025-05-02,Jong Utrecht,FC Dordrecht,1,0,FT
2071563,2024-2025,37,2025-05-02,MVV Maastricht,Jong Ajax,1,0,FT
2071564,2024-2025,37,2025-05-02,TOP Oss,Vitesse,2,2,FT
2071565,2024-2025,38,2025-05-09,FC Dordrecht,FC Volendam,4,1,FT
2071566,2024-2025,38,2025-05-09,Helmond Sport,De Graafschap,1,4,FT
2071567,2024-2025,38,2025-05-09,Jong Ajax,TOP Oss,0,0,FT
2071568,2024-2025,38,2025-05-09,Jong AZ,Excelsior,2,1,FT
2071569,2024-2025,38,2025-05-09,Jong PSV,Jong Utrecht,3,1,FT
2071570,2024-2025,38,2025-05-09,Roda JC,FC Eindhoven,0,1,FT
2071571,2024-2025,38,2025-05-09,SC Cambuur,MVV Maastricht,1,0,FT
2071572,2024-2025,38,2025-05-09,SC Telstar,FC Emmen,3,0,FT
2071573,2024-2025,38,2025-05-09,Vitesse,FC Den Bosch,3,1,FT
2071574,2024-2025,38,2025-05-09,VVV-Venlo,ADO Den Haag,2,7,FT
